<BackupInst xmlns="http://www.microsoft.com/GroupPolicy/GPOOperations/Manifest"><GPOGuid><![CDATA[{C4E3DF4D-D60B-4AAD-9E14-FE9E44B9FD1E}]]></GPOGuid><GPODomain><![CDATA[corp.viamonstra.com]]></GPODomain><GPODomainGuid><![CDATA[{b1705505-86ac-41f7-ab0d-ceb09c7480be}]]></GPODomainGuid><GPODomainController><![CDATA[DC01.corp.viamonstra.com]]></GPODomainController><BackupTime><![CDATA[2023-02-03T15:10:01]]></BackupTime><ID><![CDATA[{E1B44900-B732-4372-8DBA-8C67FC19714F}]]></ID><Comment><![CDATA[]]></Comment><GPODisplayName><![CDATA[2Pint - Enable BranchCache across subnets]]></GPODisplayName></BackupInst>
